case,field,header_canon,instances_at_sign,h_repeats,operation,sha256,reference_bottom,reference_top,dkimpy,perl,go,rspamd,dkimpy_cause,perl_cause,go_cause,rspamd_cause
from-relaxed-n1-h1-unchanged,from,relaxed,1,1,unchanged,c100c09d13f9e09712e8c940003e3ef36f8bafa6ee8021dc8b01a0fd892ee416,pass,pass,pass,pass,pass,pass,both-oracles-agree,both-oracles-agree,both-oracles-agree,both-oracles-agree
from-relaxed-n1-h1-insert-before,from,relaxed,1,1,insert-before,dcdcf9553b11124a18afb5b4c091554b067eab013ecee916c9ad1981b444ac06,pass,fail,fail,pass,pass,fail,matches-top-down-oracle,matches-rfc6376-bottom-up-section-3.5,matches-rfc6376-bottom-up-section-3.5,matches-top-down-oracle
from-relaxed-n1-h1-insert-after,from,relaxed,1,1,insert-after,9d9e1729831bcbb5837a1937c31027d4806f1444e20fc1c5307072620343a72e,fail,pass,fail,fail,fail,fail,matches-rfc6376-bottom-up-section-3.5,matches-rfc6376-bottom-up-section-3.5,matches-rfc6376-bottom-up-section-3.5,matches-rfc6376-bottom-up-section-3.5
from-relaxed-n1-h2-unchanged,from,relaxed,1,2,unchanged,b8ee87e432dc93d680b96e6da1dc9b80ceabbe9a953dbe9c69bfacdbe3b13144,pass,pass,fail,fail,fail,fail,unexplained,unexplained,unexplained,unexplained
from-relaxed-n1-h2-insert-before,from,relaxed,1,2,insert-before,df2b85966928af0ad096e664e2d00a4c6919e5137b4d2017b68c559ca421a01c,fail,fail,fail,fail,fail,fail,both-oracles-agree,both-oracles-agree,both-oracles-agree,both-oracles-agree
from-relaxed-n1-h2-insert-after,from,relaxed,1,2,insert-after,5d347028b955764d001161079047a24e0fc94468d62e6b36c26853aa0b1b61de,fail,fail,fail,fail,fail,fail,both-oracles-agree,both-oracles-agree,both-oracles-agree,both-oracles-agree
from-relaxed-n2-h1-unchanged,from,relaxed,2,1,unchanged,1dc542e78bad3199f45ed0b3e9cadcc94f53a959137c47cd405e1d368861e96a,pass,fail,fail,pass,pass,fail,matches-top-down-oracle,matches-rfc6376-bottom-up-section-3.5,matches-rfc6376-bottom-up-section-3.5,matches-top-down-oracle
from-relaxed-n2-h1-edit-first,from,relaxed,2,1,edit-first,757a8b952bff50d8b6bac022647bee6596ff05bcf6d74ea46cb31450514d4528,pass,fail,fail,pass,pass,fail,matches-top-down-oracle,matches-rfc6376-bottom-up-section-3.5,matches-rfc6376-bottom-up-section-3.5,matches-top-down-oracle
from-relaxed-n2-h1-edit-last,from,relaxed,2,1,edit-last,e1b19e1a94c3a212f437d59eaf520aa9f044388201ef3494d26f2de42a8068f0,fail,fail,fail,fail,fail,fail,both-oracles-agree,both-oracles-agree,both-oracles-agree,both-oracles-agree
from-relaxed-n2-h1-reverse,from,relaxed,2,1,reverse,f430b4501402490d0325e5831e2eacd06e78569cbb7e2593f9f83d112e6f2357,fail,pass,fail,fail,fail,fail,matches-rfc6376-bottom-up-section-3.5,matches-rfc6376-bottom-up-section-3.5,matches-rfc6376-bottom-up-section-3.5,matches-rfc6376-bottom-up-section-3.5
from-relaxed-n2-h1-delete-first,from,relaxed,2,1,delete-first,2a283d85290c33ead224413c45c0788b68bab6652e08a36501b4a77d5e63d9d8,pass,pass,pass,pass,pass,pass,both-oracles-agree,both-oracles-agree,both-oracles-agree,both-oracles-agree
from-relaxed-n2-h1-delete-last,from,relaxed,2,1,delete-last,ef9f694ab0edc621d5e4ca2ecb1163d9dca0e31e06a8823fd309697b4d437b18,fail,fail,fail,fail,fail,fail,both-oracles-agree,both-oracles-agree,both-oracles-agree,both-oracles-agree
from-relaxed-n2-h2-unchanged,from,relaxed,2,2,unchanged,20e4981183b54404a9ed8813643d5f6fce967be9efb06ede7f48bfdcf321b02f,pass,fail,pass,pass,pass,fail,matches-rfc6376-bottom-up-section-3.5,matches-rfc6376-bottom-up-section-3.5,matches-rfc6376-bottom-up-section-3.5,matches-top-down-oracle
from-relaxed-n2-h2-edit-first,from,relaxed,2,2,edit-first,5787a99a04d844bf82f00702b2234f106a09794f0138c4b1aa756c8675cd9351,fail,fail,fail,fail,fail,fail,both-oracles-agree,both-oracles-agree,both-oracles-agree,both-oracles-agree
from-relaxed-n2-h2-edit-last,from,relaxed,2,2,edit-last,12e93d02983804ab9fc9396a85421e6523533580d894030da5bc8709ebef2485,fail,fail,fail,fail,fail,fail,both-oracles-agree,both-oracles-agree,both-oracles-agree,both-oracles-agree
from-relaxed-n2-h2-reverse,from,relaxed,2,2,reverse,49eb3d4a8a3ba4974eda06c74beec317e030e40a8eacdd7b851502e476c582f2,fail,pass,fail,fail,fail,fail,matches-rfc6376-bottom-up-section-3.5,matches-rfc6376-bottom-up-section-3.5,matches-rfc6376-bottom-up-section-3.5,matches-rfc6376-bottom-up-section-3.5
from-relaxed-n2-h2-delete-first,from,relaxed,2,2,delete-first,a0207e1bd9358f51729c9d1c3fb78de4b517ac7a68ea94c6af68be835b874d9b,fail,fail,fail,fail,fail,fail,both-oracles-agree,both-oracles-agree,both-oracles-agree,both-oracles-agree
from-relaxed-n2-h2-delete-last,from,relaxed,2,2,delete-last,3cb829a411c994037f05ad54195c404db2a087064f3e5ed3ae3e8cb9940c819f,fail,fail,fail,fail,fail,fail,both-oracles-agree,both-oracles-agree,both-oracles-agree,both-oracles-agree
from-relaxed-n2-h3-unchanged,from,relaxed,2,3,unchanged,545b9335818e0c301645027a1640a3387b6d63dea174380f77a787d4973e2cb5,pass,fail,fail,fail,fail,fail,matches-top-down-oracle,matches-top-down-oracle,matches-top-down-oracle,matches-top-down-oracle
from-relaxed-n2-h3-edit-first,from,relaxed,2,3,edit-first,4a1829fa2ffd524a0b6b1181e636626f5f6aa915d352a955b4decd6727dd9b22,fail,fail,fail,fail,fail,fail,both-oracles-agree,both-oracles-agree,both-oracles-agree,both-oracles-agree
from-relaxed-n2-h3-edit-last,from,relaxed,2,3,edit-last,75d5dc8b9ae075651430f6d511ce0094775a6d96aa10fba28eb027b43ee25f19,fail,fail,fail,fail,fail,fail,both-oracles-agree,both-oracles-agree,both-oracles-agree,both-oracles-agree
from-relaxed-n2-h3-reverse,from,relaxed,2,3,reverse,670f8658b8c3f9b7190644232e0b6c190008b9cb0434c1f2744e8385a795a9a7,fail,pass,fail,fail,fail,fail,matches-rfc6376-bottom-up-section-3.5,matches-rfc6376-bottom-up-section-3.5,matches-rfc6376-bottom-up-section-3.5,matches-rfc6376-bottom-up-section-3.5
from-relaxed-n2-h3-delete-first,from,relaxed,2,3,delete-first,fc7f9a8f198cb6d3a045d8ccde3684000bc1f2ffe32719988f21ab24776a2c30,fail,fail,fail,fail,fail,fail,both-oracles-agree,both-oracles-agree,both-oracles-agree,both-oracles-agree
from-relaxed-n2-h3-delete-last,from,relaxed,2,3,delete-last,16653c26b80f3a036b45bbf5be79f4a1091017a0a49155935268633096347601,fail,fail,fail,fail,fail,fail,both-oracles-agree,both-oracles-agree,both-oracles-agree,both-oracles-agree
from-simple-n1-h1-unchanged,from,simple,1,1,unchanged,e9e8e830109fb3d2b7168abe4a3e437efac1124d1bf941ffbe3b0de846fe3da6,pass,pass,pass,pass,pass,pass,both-oracles-agree,both-oracles-agree,both-oracles-agree,both-oracles-agree
from-simple-n1-h1-insert-before,from,simple,1,1,insert-before,78d803ddb9be7eea0bb9c53b1ce3cf7d6429694bb132b83aee97940dd6b969eb,pass,fail,fail,pass,pass,fail,matches-top-down-oracle,matches-rfc6376-bottom-up-section-3.5,matches-rfc6376-bottom-up-section-3.5,matches-top-down-oracle
from-simple-n1-h1-insert-after,from,simple,1,1,insert-after,87a9e26c5818358734c30b3d5db42ad0072538de59b4ea1e44a400530ddb1cf4,fail,pass,fail,fail,fail,fail,matches-rfc6376-bottom-up-section-3.5,matches-rfc6376-bottom-up-section-3.5,matches-rfc6376-bottom-up-section-3.5,matches-rfc6376-bottom-up-section-3.5
from-simple-n1-h2-unchanged,from,simple,1,2,unchanged,4502697f09f74aef39fb1212655c1ef0ec4e8af89068680bca045488e22af7aa,pass,pass,fail,fail,fail,fail,unexplained,unexplained,unexplained,unexplained
from-simple-n1-h2-insert-before,from,simple,1,2,insert-before,9328d8ec8c02b7cb2ee093965309b5e6ab3f129b70c2450a2860790109a9ee9b,fail,fail,fail,fail,fail,fail,both-oracles-agree,both-oracles-agree,both-oracles-agree,both-oracles-agree
from-simple-n1-h2-insert-after,from,simple,1,2,insert-after,15b8a525988661184c7e8ae50ba3ff869efd0e708b18aa703a8f714ae0c26e56,fail,fail,fail,fail,fail,fail,both-oracles-agree,both-oracles-agree,both-oracles-agree,both-oracles-agree
from-simple-n2-h1-unchanged,from,simple,2,1,unchanged,e55663a1c4d059f2c6c835792155f330bb1a130b46834a9b5aa0662e0bac9324,pass,fail,fail,pass,pass,fail,matches-top-down-oracle,matches-rfc6376-bottom-up-section-3.5,matches-rfc6376-bottom-up-section-3.5,matches-top-down-oracle
from-simple-n2-h1-edit-first,from,simple,2,1,edit-first,2ac4955429abe1f314196053077f9cdb19f8b67c8d7f86bee63794f93e9a30de,pass,fail,fail,pass,pass,fail,matches-top-down-oracle,matches-rfc6376-bottom-up-section-3.5,matches-rfc6376-bottom-up-section-3.5,matches-top-down-oracle
from-simple-n2-h1-edit-last,from,simple,2,1,edit-last,8c643ae27a13bbfeec619d08d93ba0561572d0088c110d5497de7457bbc6baa1,fail,fail,fail,fail,fail,fail,both-oracles-agree,both-oracles-agree,both-oracles-agree,both-oracles-agree
from-simple-n2-h1-reverse,from,simple,2,1,reverse,a40189998a93daf2087ba50f16bbead234290449936903bb54c22805cb8b529b,fail,pass,fail,fail,fail,fail,matches-rfc6376-bottom-up-section-3.5,matches-rfc6376-bottom-up-section-3.5,matches-rfc6376-bottom-up-section-3.5,matches-rfc6376-bottom-up-section-3.5
from-simple-n2-h1-delete-first,from,simple,2,1,delete-first,114de469a4630abe7b8836218645f8f1c7ccc8023c599d29dea4904a1d21fbe1,pass,pass,pass,pass,pass,pass,both-oracles-agree,both-oracles-agree,both-oracles-agree,both-oracles-agree
from-simple-n2-h1-delete-last,from,simple,2,1,delete-last,7ada476b6a8dcbd6641743b53c45f888b210383936b982c1e64d94632583bc80,fail,fail,fail,fail,fail,fail,both-oracles-agree,both-oracles-agree,both-oracles-agree,both-oracles-agree
from-simple-n2-h2-unchanged,from,simple,2,2,unchanged,1f3d1b13395174097cec10bea67b63eb7b80a80bff38c913f99d5c2c8b8808ef,pass,fail,pass,pass,pass,fail,matches-rfc6376-bottom-up-section-3.5,matches-rfc6376-bottom-up-section-3.5,matches-rfc6376-bottom-up-section-3.5,matches-top-down-oracle
from-simple-n2-h2-edit-first,from,simple,2,2,edit-first,0e8054fb115c576a78e4cddfc4ab811d4c89296485b2dd99c29510bd0c4c94a8,fail,fail,fail,fail,fail,fail,both-oracles-agree,both-oracles-agree,both-oracles-agree,both-oracles-agree
from-simple-n2-h2-edit-last,from,simple,2,2,edit-last,e92cd968bad16f91c50b81f10860bd46da4c38c398276ce6518323ef6117610b,fail,fail,fail,fail,fail,fail,both-oracles-agree,both-oracles-agree,both-oracles-agree,both-oracles-agree
from-simple-n2-h2-reverse,from,simple,2,2,reverse,7752ed9df130fa84b005f6fdbb7c6730b9942a60216acad344e53f7ebb624fae,fail,pass,fail,fail,fail,fail,matches-rfc6376-bottom-up-section-3.5,matches-rfc6376-bottom-up-section-3.5,matches-rfc6376-bottom-up-section-3.5,matches-rfc6376-bottom-up-section-3.5
from-simple-n2-h2-delete-first,from,simple,2,2,delete-first,709498faee6cd39f98c6947f80d280d551c1992e124d9ab8d4aa8d2100d4e107,fail,fail,fail,fail,fail,fail,both-oracles-agree,both-oracles-agree,both-oracles-agree,both-oracles-agree
from-simple-n2-h2-delete-last,from,simple,2,2,delete-last,97c12677e38c3b62d54d6f5ba9e5138c7ad8e483cda645cdcb2516aa541d19fe,fail,fail,fail,fail,fail,fail,both-oracles-agree,both-oracles-agree,both-oracles-agree,both-oracles-agree
from-simple-n2-h3-unchanged,from,simple,2,3,unchanged,2e26d6a8966b6e97d4f5cd49a063da40eace370e2d8c620e929eda30b4f3d6a1,pass,fail,fail,fail,fail,fail,matches-top-down-oracle,matches-top-down-oracle,matches-top-down-oracle,matches-top-down-oracle
from-simple-n2-h3-edit-first,from,simple,2,3,edit-first,81636222f4290c919ba830ebe35e3cc0a37ac10e427f1e9ac9c67fbd1b7a2685,fail,fail,fail,fail,fail,fail,both-oracles-agree,both-oracles-agree,both-oracles-agree,both-oracles-agree
from-simple-n2-h3-edit-last,from,simple,2,3,edit-last,a8ba884536a701e91c1cb936466476ca2cd88b8e0bf88f8c9a148b3de5f50063,fail,fail,fail,fail,fail,fail,both-oracles-agree,both-oracles-agree,both-oracles-agree,both-oracles-agree
from-simple-n2-h3-reverse,from,simple,2,3,reverse,776c3e59aca8c077fc90cdcb7d2afaabca4088d1ee615464bb88e740aa3fb613,fail,pass,fail,fail,fail,fail,matches-rfc6376-bottom-up-section-3.5,matches-rfc6376-bottom-up-section-3.5,matches-rfc6376-bottom-up-section-3.5,matches-rfc6376-bottom-up-section-3.5
from-simple-n2-h3-delete-first,from,simple,2,3,delete-first,c6bb101c57921e3e5e7de4f0dd3da6e146412166adaac765bd26cf44e3f057d1,fail,fail,fail,fail,fail,fail,both-oracles-agree,both-oracles-agree,both-oracles-agree,both-oracles-agree
from-simple-n2-h3-delete-last,from,simple,2,3,delete-last,c2b3bffdcc5826347a462bf68c96fc84a6937ca38820f895463741ff224b1d78,fail,fail,fail,fail,fail,fail,both-oracles-agree,both-oracles-agree,both-oracles-agree,both-oracles-agree
subject-relaxed-n1-h1-unchanged,subject,relaxed,1,1,unchanged,eb9b7b3b52c84d01216ca593396112849c2529c60a58b59e3c080e1a39f79112,pass,pass,pass,pass,pass,pass,both-oracles-agree,both-oracles-agree,both-oracles-agree,both-oracles-agree
subject-relaxed-n1-h1-insert-before,subject,relaxed,1,1,insert-before,4f25a4bc0366c32e4c5b0e18787d8cb5559922238d908bbecdec81c837c39307,pass,fail,pass,pass,pass,fail,matches-rfc6376-bottom-up-section-3.5,matches-rfc6376-bottom-up-section-3.5,matches-rfc6376-bottom-up-section-3.5,matches-top-down-oracle
subject-relaxed-n1-h1-insert-after,subject,relaxed,1,1,insert-after,fe293d70bfcf337ea835c7e8fe25aed52a55125659bdddb27ed1fa803b5590ca,fail,pass,fail,fail,fail,fail,matches-rfc6376-bottom-up-section-3.5,matches-rfc6376-bottom-up-section-3.5,matches-rfc6376-bottom-up-section-3.5,matches-rfc6376-bottom-up-section-3.5
subject-relaxed-n1-h2-unchanged,subject,relaxed,1,2,unchanged,95262ac07907a13d96fd61c49cb9c3f38b8071ed5f80a0386228f5bbc2d4ec10,pass,pass,fail,fail,fail,fail,unexplained,unexplained,unexplained,unexplained
subject-relaxed-n1-h2-insert-before,subject,relaxed,1,2,insert-before,61c8599633aa159ea4b7e2b5d8f53a1969bc32b7d4573611360f2adcf39867b5,fail,fail,fail,fail,fail,fail,both-oracles-agree,both-oracles-agree,both-oracles-agree,both-oracles-agree
subject-relaxed-n1-h2-insert-after,subject,relaxed,1,2,insert-after,73bb8fe1e6aeae4e788cddc53f62fe4ab30c52c494b69597bfa7d434847dcb40,fail,fail,fail,fail,fail,fail,both-oracles-agree,both-oracles-agree,both-oracles-agree,both-oracles-agree
subject-relaxed-n2-h1-unchanged,subject,relaxed,2,1,unchanged,efc65994a049eec3f561c7441830c5d9c142bc0dd287a582f9a603d666767e20,pass,fail,pass,pass,pass,fail,matches-rfc6376-bottom-up-section-3.5,matches-rfc6376-bottom-up-section-3.5,matches-rfc6376-bottom-up-section-3.5,matches-top-down-oracle
subject-relaxed-n2-h1-edit-first,subject,relaxed,2,1,edit-first,6fbb8b1f14fe170a8d25e404531619a451bc729cb9650dd5501d0d26f8f9d67b,pass,fail,pass,pass,pass,fail,matches-rfc6376-bottom-up-section-3.5,matches-rfc6376-bottom-up-section-3.5,matches-rfc6376-bottom-up-section-3.5,matches-top-down-oracle
subject-relaxed-n2-h1-edit-last,subject,relaxed,2,1,edit-last,712592a5da676afa5fe1ff87a6ffe6506b48140c0327940afc83cecfd2578aca,fail,fail,fail,fail,fail,fail,both-oracles-agree,both-oracles-agree,both-oracles-agree,both-oracles-agree
subject-relaxed-n2-h1-reverse,subject,relaxed,2,1,reverse,ee7021e77cbac4917b4f48f2256a78b83a52f5516b24ce8279e89ffd1a3f6c79,fail,pass,fail,fail,fail,fail,matches-rfc6376-bottom-up-section-3.5,matches-rfc6376-bottom-up-section-3.5,matches-rfc6376-bottom-up-section-3.5,matches-rfc6376-bottom-up-section-3.5
subject-relaxed-n2-h1-delete-first,subject,relaxed,2,1,delete-first,cb7f3f7204a27a28facb0f9bd86efa1ee702669fe69256cd4cd33c6caf7d4e42,pass,pass,pass,pass,pass,pass,both-oracles-agree,both-oracles-agree,both-oracles-agree,both-oracles-agree
subject-relaxed-n2-h1-delete-last,subject,relaxed,2,1,delete-last,d6997d1928e1eebd8dac3c4375cccc9fc265d0c4b77446ea61bf2df58c54ddcf,fail,fail,fail,fail,fail,fail,both-oracles-agree,both-oracles-agree,both-oracles-agree,both-oracles-agree
subject-relaxed-n2-h2-unchanged,subject,relaxed,2,2,unchanged,7c8ce8218868da42862b878033cbebb70a445390aabb9c106612de1b05bbcede,pass,fail,pass,pass,pass,fail,matches-rfc6376-bottom-up-section-3.5,matches-rfc6376-bottom-up-section-3.5,matches-rfc6376-bottom-up-section-3.5,matches-top-down-oracle
subject-relaxed-n2-h2-edit-first,subject,relaxed,2,2,edit-first,5fcac812a59fb749528a77261f18ebfb12a2eb89a161598c70088ab8767a609f,fail,fail,fail,fail,fail,fail,both-oracles-agree,both-oracles-agree,both-oracles-agree,both-oracles-agree
subject-relaxed-n2-h2-edit-last,subject,relaxed,2,2,edit-last,83980b3a0b8492edbfa863250b0f28a19e51aa396aa4952e63c8dc0af77a9d57,fail,fail,fail,fail,fail,fail,both-oracles-agree,both-oracles-agree,both-oracles-agree,both-oracles-agree
subject-relaxed-n2-h2-reverse,subject,relaxed,2,2,reverse,ed1871981e060957ef14c2187e020e59fbf79366e8e74ccc0d37f860e8284403,fail,pass,fail,fail,fail,fail,matches-rfc6376-bottom-up-section-3.5,matches-rfc6376-bottom-up-section-3.5,matches-rfc6376-bottom-up-section-3.5,matches-rfc6376-bottom-up-section-3.5
subject-relaxed-n2-h2-delete-first,subject,relaxed,2,2,delete-first,03961db764a1026d1741ac66e116084bb191eb96cc9166e87f41f4bc5fa363eb,fail,fail,fail,fail,fail,fail,both-oracles-agree,both-oracles-agree,both-oracles-agree,both-oracles-agree
subject-relaxed-n2-h2-delete-last,subject,relaxed,2,2,delete-last,51932ad06a01510e99f55967d22250bfe736e13d24d3c9eb4c403a8b880d8413,fail,fail,fail,fail,fail,fail,both-oracles-agree,both-oracles-agree,both-oracles-agree,both-oracles-agree
subject-relaxed-n2-h3-unchanged,subject,relaxed,2,3,unchanged,f01d892602017251f2f0b75da34632c78ec86054dec57a5d19a2a9e10de65c74,pass,fail,fail,fail,fail,fail,matches-top-down-oracle,matches-top-down-oracle,matches-top-down-oracle,matches-top-down-oracle
subject-relaxed-n2-h3-edit-first,subject,relaxed,2,3,edit-first,12b410b32540f9f35aeb7969a3abebd76c9bb071cb008fdfae7ea9f0130b6cf5,fail,fail,fail,fail,fail,fail,both-oracles-agree,both-oracles-agree,both-oracles-agree,both-oracles-agree
subject-relaxed-n2-h3-edit-last,subject,relaxed,2,3,edit-last,2b0c8e7fc0b4551ef2879ca3b6eb7d456523fe32df8d0fbdb9bbaac1c9747a94,fail,fail,fail,fail,fail,fail,both-oracles-agree,both-oracles-agree,both-oracles-agree,both-oracles-agree
subject-relaxed-n2-h3-reverse,subject,relaxed,2,3,reverse,5fbdaa2fa66b8c5861f46950b14c94a68ab27f80c8f997fef553d3832402330c,fail,pass,fail,fail,fail,fail,matches-rfc6376-bottom-up-section-3.5,matches-rfc6376-bottom-up-section-3.5,matches-rfc6376-bottom-up-section-3.5,matches-rfc6376-bottom-up-section-3.5
subject-relaxed-n2-h3-delete-first,subject,relaxed,2,3,delete-first,3284e5097b471076b1dc0115f23b696349d5c49764063bb3f359b3ad3b50f785,fail,fail,fail,fail,fail,fail,both-oracles-agree,both-oracles-agree,both-oracles-agree,both-oracles-agree
subject-relaxed-n2-h3-delete-last,subject,relaxed,2,3,delete-last,6768cf042bde8417db8be0b7ccb879393e97afe2fb0344a5a384ce57ec2e88cf,fail,fail,fail,fail,fail,fail,both-oracles-agree,both-oracles-agree,both-oracles-agree,both-oracles-agree
subject-simple-n1-h1-unchanged,subject,simple,1,1,unchanged,b3d0a6bcf62760541454f3481d57b15cda000abd98087d46c69f5c70568f94d4,pass,pass,pass,pass,pass,pass,both-oracles-agree,both-oracles-agree,both-oracles-agree,both-oracles-agree
subject-simple-n1-h1-insert-before,subject,simple,1,1,insert-before,dd4378704d10e98c9a44c1b677f4ef4dd7e1021ee74742247c7e33464d1a949f,pass,fail,pass,pass,pass,fail,matches-rfc6376-bottom-up-section-3.5,matches-rfc6376-bottom-up-section-3.5,matches-rfc6376-bottom-up-section-3.5,matches-top-down-oracle
subject-simple-n1-h1-insert-after,subject,simple,1,1,insert-after,57f226e26c120a30c105d62c3a5dfba1c58727d19fbf71dc3b306fb7fc07de82,fail,pass,fail,fail,fail,fail,matches-rfc6376-bottom-up-section-3.5,matches-rfc6376-bottom-up-section-3.5,matches-rfc6376-bottom-up-section-3.5,matches-rfc6376-bottom-up-section-3.5
subject-simple-n1-h2-unchanged,subject,simple,1,2,unchanged,0a90214077331d3c5171f3ead9a216f2ba433b6ad6ca80729525fe125f56a6c4,pass,pass,fail,fail,fail,fail,unexplained,unexplained,unexplained,unexplained
subject-simple-n1-h2-insert-before,subject,simple,1,2,insert-before,7b70f08c626f17845e9bb1486ab37e696a2858c833297831b2fdc32163214176,fail,fail,fail,fail,fail,fail,both-oracles-agree,both-oracles-agree,both-oracles-agree,both-oracles-agree
subject-simple-n1-h2-insert-after,subject,simple,1,2,insert-after,754fa7175ceee098f04f1f46cf68cbac76df4da048c7e429dbc95a74980177e0,fail,fail,fail,fail,fail,fail,both-oracles-agree,both-oracles-agree,both-oracles-agree,both-oracles-agree
subject-simple-n2-h1-unchanged,subject,simple,2,1,unchanged,4b66394e9438f7b89003673f317e2f3b87922df448c6bac82afcb3bc9f3d1b3a,pass,fail,pass,pass,pass,fail,matches-rfc6376-bottom-up-section-3.5,matches-rfc6376-bottom-up-section-3.5,matches-rfc6376-bottom-up-section-3.5,matches-top-down-oracle
subject-simple-n2-h1-edit-first,subject,simple,2,1,edit-first,b0363eae875c9e90c7f50a1e316fe634f2e0a8de90c1f6bb5eef532931815b4a,pass,fail,pass,pass,pass,fail,matches-rfc6376-bottom-up-section-3.5,matches-rfc6376-bottom-up-section-3.5,matches-rfc6376-bottom-up-section-3.5,matches-top-down-oracle
subject-simple-n2-h1-edit-last,subject,simple,2,1,edit-last,16803ec2735da9a26f59e71c8c614a7af890c35f38c0a6e9fa849561ab3cd9b2,fail,fail,fail,fail,fail,fail,both-oracles-agree,both-oracles-agree,both-oracles-agree,both-oracles-agree
subject-simple-n2-h1-reverse,subject,simple,2,1,reverse,39c71cad69456bdb200b9a35ac62160b8b83bbc1da537e8b7c19cac4031fae2d,fail,pass,fail,fail,fail,fail,matches-rfc6376-bottom-up-section-3.5,matches-rfc6376-bottom-up-section-3.5,matches-rfc6376-bottom-up-section-3.5,matches-rfc6376-bottom-up-section-3.5
subject-simple-n2-h1-delete-first,subject,simple,2,1,delete-first,5268fb2ca6c11e8aed80789bc7493e97ae916c34ab47b54a0e3c45d212234850,pass,pass,pass,pass,pass,pass,both-oracles-agree,both-oracles-agree,both-oracles-agree,both-oracles-agree
subject-simple-n2-h1-delete-last,subject,simple,2,1,delete-last,ce345a4d69674ca98ad4464f5f757ee33c682615af8b75b5704e2423ceede534,fail,fail,fail,fail,fail,fail,both-oracles-agree,both-oracles-agree,both-oracles-agree,both-oracles-agree
subject-simple-n2-h2-unchanged,subject,simple,2,2,unchanged,fd22e9abdef239d52819d6df71a53fce33d5a4ca9027c01f9582e62965152631,pass,fail,pass,pass,pass,fail,matches-rfc6376-bottom-up-section-3.5,matches-rfc6376-bottom-up-section-3.5,matches-rfc6376-bottom-up-section-3.5,matches-top-down-oracle
subject-simple-n2-h2-edit-first,subject,simple,2,2,edit-first,582d62e4febe407493817e09c846c7969a13bdd4e8ad52eb9744e30200c2de6c,fail,fail,fail,fail,fail,fail,both-oracles-agree,both-oracles-agree,both-oracles-agree,both-oracles-agree
subject-simple-n2-h2-edit-last,subject,simple,2,2,edit-last,de7939d53890ecf924f2af16b6ebd73b0b2797789bad01d075cf22b92576abc3,fail,fail,fail,fail,fail,fail,both-oracles-agree,both-oracles-agree,both-oracles-agree,both-oracles-agree
subject-simple-n2-h2-reverse,subject,simple,2,2,reverse,12ecefd3df46a799e6a55840880103cd7b836be85a2d87a80fedc2f308e1107a,fail,pass,fail,fail,fail,fail,matches-rfc6376-bottom-up-section-3.5,matches-rfc6376-bottom-up-section-3.5,matches-rfc6376-bottom-up-section-3.5,matches-rfc6376-bottom-up-section-3.5
subject-simple-n2-h2-delete-first,subject,simple,2,2,delete-first,312439d47a7aa137ef93da9517c28ebaa0c3493f032fbca0d550dbc5743f2388,fail,fail,fail,fail,fail,fail,both-oracles-agree,both-oracles-agree,both-oracles-agree,both-oracles-agree
subject-simple-n2-h2-delete-last,subject,simple,2,2,delete-last,0d09fa7a00dcab2d657cc85c6591bbaad4428c9ff4827e30aa25d2570d771e11,fail,fail,fail,fail,fail,fail,both-oracles-agree,both-oracles-agree,both-oracles-agree,both-oracles-agree
subject-simple-n2-h3-unchanged,subject,simple,2,3,unchanged,c55b4de6d3352b8aa333fe5d45d811995e52bbbe14ca2ab1b65cc7e257042dc9,pass,fail,fail,fail,fail,fail,matches-top-down-oracle,matches-top-down-oracle,matches-top-down-oracle,matches-top-down-oracle
subject-simple-n2-h3-edit-first,subject,simple,2,3,edit-first,7526d12bffd23331be3e2b8b0c495337ede8e4e608f5dee113a0dd546c3b0341,fail,fail,fail,fail,fail,fail,both-oracles-agree,both-oracles-agree,both-oracles-agree,both-oracles-agree
subject-simple-n2-h3-edit-last,subject,simple,2,3,edit-last,f152eddef32feefad46f7e775cd2396cdab3ab408703257e6ccfbf0a40a7742e,fail,fail,fail,fail,fail,fail,both-oracles-agree,both-oracles-agree,both-oracles-agree,both-oracles-agree
subject-simple-n2-h3-reverse,subject,simple,2,3,reverse,26ff62dc0e03858ba45569a4faf0efe06dd219b46d51336c2c8c0c1f93807e88,fail,pass,fail,fail,fail,fail,matches-rfc6376-bottom-up-section-3.5,matches-rfc6376-bottom-up-section-3.5,matches-rfc6376-bottom-up-section-3.5,matches-rfc6376-bottom-up-section-3.5
subject-simple-n2-h3-delete-first,subject,simple,2,3,delete-first,259690f716affc93a2e0c5f6bf792fcf19ecac4f2abedd4ada615de64e31aae5,fail,fail,fail,fail,fail,fail,both-oracles-agree,both-oracles-agree,both-oracles-agree,both-oracles-agree
subject-simple-n2-h3-delete-last,subject,simple,2,3,delete-last,0b333067669fd265116972de630c1b56c7670b5b95c825626cca240ce107d32b,fail,fail,fail,fail,fail,fail,both-oracles-agree,both-oracles-agree,both-oracles-agree,both-oracles-agree
message-id-relaxed-n1-h1-unchanged,message-id,relaxed,1,1,unchanged,0547b4c5d1c5d760bd3472f81b6e72ee97537c5a08c5d1ba4ad2cff8f866ab1a,pass,pass,pass,pass,pass,pass,both-oracles-agree,both-oracles-agree,both-oracles-agree,both-oracles-agree
message-id-relaxed-n1-h1-insert-before,message-id,relaxed,1,1,insert-before,a7fa00b0a03e7295ec8b9fb44e1fae010e336451048aef802bce51808d20dc83,pass,fail,pass,pass,pass,fail,matches-rfc6376-bottom-up-section-3.5,matches-rfc6376-bottom-up-section-3.5,matches-rfc6376-bottom-up-section-3.5,matches-top-down-oracle
message-id-relaxed-n1-h1-insert-after,message-id,relaxed,1,1,insert-after,65ae931ff4c005327ba789c4e610ea2a429ee27b807d0ab29abafd4be9faf6e1,fail,pass,fail,fail,fail,fail,matches-rfc6376-bottom-up-section-3.5,matches-rfc6376-bottom-up-section-3.5,matches-rfc6376-bottom-up-section-3.5,matches-rfc6376-bottom-up-section-3.5
message-id-relaxed-n1-h2-unchanged,message-id,relaxed,1,2,unchanged,14112d41958e2e61447a81de13fc251f8c140f85444ba8ee849ba3e4181c7d6d,pass,pass,fail,fail,fail,fail,unexplained,unexplained,unexplained,unexplained
message-id-relaxed-n1-h2-insert-before,message-id,relaxed,1,2,insert-before,bf39f7d2dcfb32e900c1d2084bad6b75d89bb0555aeab98c5338d44a9fcd2ce7,fail,fail,fail,fail,fail,fail,both-oracles-agree,both-oracles-agree,both-oracles-agree,both-oracles-agree
message-id-relaxed-n1-h2-insert-after,message-id,relaxed,1,2,insert-after,0978b0bf664ffa94aae0b4a8d28e8093e845b933a7bb83d3908ba690dcd7e8c3,fail,fail,fail,fail,fail,fail,both-oracles-agree,both-oracles-agree,both-oracles-agree,both-oracles-agree
message-id-relaxed-n2-h1-unchanged,message-id,relaxed,2,1,unchanged,8344050f9bff3ca366db22225077e008f7bbdb7807efb20107143988fe63856e,pass,fail,pass,pass,pass,fail,matches-rfc6376-bottom-up-section-3.5,matches-rfc6376-bottom-up-section-3.5,matches-rfc6376-bottom-up-section-3.5,matches-top-down-oracle
message-id-relaxed-n2-h1-edit-first,message-id,relaxed,2,1,edit-first,69d72e38041c797c7f04c21dcb6352c6d4245add989bf3441a1d3a97fcc3067e,pass,fail,pass,pass,pass,fail,matches-rfc6376-bottom-up-section-3.5,matches-rfc6376-bottom-up-section-3.5,matches-rfc6376-bottom-up-section-3.5,matches-top-down-oracle
message-id-relaxed-n2-h1-edit-last,message-id,relaxed,2,1,edit-last,c2689277e4c1e53359bb24f5a933af3ff740a0b57a897ce16799e5bcdd58b23e,fail,fail,fail,fail,fail,fail,both-oracles-agree,both-oracles-agree,both-oracles-agree,both-oracles-agree
message-id-relaxed-n2-h1-reverse,message-id,relaxed,2,1,reverse,e5de32e86b7a4c94522aec8bcb1e7f834ea40688f3f91bc453ea926aa075c71d,fail,pass,fail,fail,fail,fail,matches-rfc6376-bottom-up-section-3.5,matches-rfc6376-bottom-up-section-3.5,matches-rfc6376-bottom-up-section-3.5,matches-rfc6376-bottom-up-section-3.5
message-id-relaxed-n2-h1-delete-first,message-id,relaxed,2,1,delete-first,ea068cde454f69a88641b0849b0493ab82786e74fd3f29a99110ea40eedb7b5d,pass,pass,pass,pass,pass,pass,both-oracles-agree,both-oracles-agree,both-oracles-agree,both-oracles-agree
message-id-relaxed-n2-h1-delete-last,message-id,relaxed,2,1,delete-last,6d4a6cd0b55b795e93e95cbe28f83b616a2c6a5603c73278ab0b5256c783cc37,fail,fail,fail,fail,fail,fail,both-oracles-agree,both-oracles-agree,both-oracles-agree,both-oracles-agree
message-id-relaxed-n2-h2-unchanged,message-id,relaxed,2,2,unchanged,c0280cc144e2655f9a274128f9663847e59d67ce5e080d2e7622468140b23fe4,pass,fail,pass,pass,pass,fail,matches-rfc6376-bottom-up-section-3.5,matches-rfc6376-bottom-up-section-3.5,matches-rfc6376-bottom-up-section-3.5,matches-top-down-oracle
message-id-relaxed-n2-h2-edit-first,message-id,relaxed,2,2,edit-first,e045d3c47d0a0c24a3480de190ed31c60a0c8989d14265386215e82ac351b59e,fail,fail,fail,fail,fail,fail,both-oracles-agree,both-oracles-agree,both-oracles-agree,both-oracles-agree
message-id-relaxed-n2-h2-edit-last,message-id,relaxed,2,2,edit-last,27cf13d3a5625d0e04e34737e86643573367a30c0c7a5a47191d9a3c40e6aace,fail,fail,fail,fail,fail,fail,both-oracles-agree,both-oracles-agree,both-oracles-agree,both-oracles-agree
message-id-relaxed-n2-h2-reverse,message-id,relaxed,2,2,reverse,1909e4a8b6a1cb3044e4059251513902921262f529590268701e4ed0b3a2b2f1,fail,pass,fail,fail,fail,fail,matches-rfc6376-bottom-up-section-3.5,matches-rfc6376-bottom-up-section-3.5,matches-rfc6376-bottom-up-section-3.5,matches-rfc6376-bottom-up-section-3.5
message-id-relaxed-n2-h2-delete-first,message-id,relaxed,2,2,delete-first,197467de91dc62d720e93ba97a2933f214027287bb0733020bf72dd63dfc7a54,fail,fail,fail,fail,fail,fail,both-oracles-agree,both-oracles-agree,both-oracles-agree,both-oracles-agree
message-id-relaxed-n2-h2-delete-last,message-id,relaxed,2,2,delete-last,dbcfc0544667f86a7a5ff32ce409c813df60ebaedad1c151f3a9c361411a7a92,fail,fail,fail,fail,fail,fail,both-oracles-agree,both-oracles-agree,both-oracles-agree,both-oracles-agree
message-id-relaxed-n2-h3-unchanged,message-id,relaxed,2,3,unchanged,fc37ebf375569fdc2888336f32bde9561eda08946fd753a10062155880ee735d,pass,fail,fail,fail,fail,fail,matches-top-down-oracle,matches-top-down-oracle,matches-top-down-oracle,matches-top-down-oracle
message-id-relaxed-n2-h3-edit-first,message-id,relaxed,2,3,edit-first,8ca57276de66a168cce4249a711778804ec2243b05cfdfcf4723ba970c2bb23c,fail,fail,fail,fail,fail,fail,both-oracles-agree,both-oracles-agree,both-oracles-agree,both-oracles-agree
message-id-relaxed-n2-h3-edit-last,message-id,relaxed,2,3,edit-last,626c030108c3839b94dd93d446d63ec7831c637f087560c694698743e7d6ba44,fail,fail,fail,fail,fail,fail,both-oracles-agree,both-oracles-agree,both-oracles-agree,both-oracles-agree
message-id-relaxed-n2-h3-reverse,message-id,relaxed,2,3,reverse,6b6d459b28decc0f718265d3b84debda87478717902bb37ac768ea8ca7980dff,fail,pass,fail,fail,fail,fail,matches-rfc6376-bottom-up-section-3.5,matches-rfc6376-bottom-up-section-3.5,matches-rfc6376-bottom-up-section-3.5,matches-rfc6376-bottom-up-section-3.5
message-id-relaxed-n2-h3-delete-first,message-id,relaxed,2,3,delete-first,fe3bcd956d92aceba51bdecdfb0a7946221dfa0572f74c65ace7294e7dd2bcd6,fail,fail,fail,fail,fail,fail,both-oracles-agree,both-oracles-agree,both-oracles-agree,both-oracles-agree
message-id-relaxed-n2-h3-delete-last,message-id,relaxed,2,3,delete-last,7852e24d94d126512538d9cdcad16cce1c310206d2b022f4713c7d8aedb46dc2,fail,fail,fail,fail,fail,fail,both-oracles-agree,both-oracles-agree,both-oracles-agree,both-oracles-agree
message-id-simple-n1-h1-unchanged,message-id,simple,1,1,unchanged,022fedb6fdc04b08e6f81a4fc38dd29b2aec3635fbe7bc2ae75b18f0feef4d11,pass,pass,pass,pass,pass,pass,both-oracles-agree,both-oracles-agree,both-oracles-agree,both-oracles-agree
message-id-simple-n1-h1-insert-before,message-id,simple,1,1,insert-before,305990b42b063090bd820b97f190dc9d4d12c26c92b7b1ec47680e0d21aecfc9,pass,fail,pass,pass,pass,fail,matches-rfc6376-bottom-up-section-3.5,matches-rfc6376-bottom-up-section-3.5,matches-rfc6376-bottom-up-section-3.5,matches-top-down-oracle
message-id-simple-n1-h1-insert-after,message-id,simple,1,1,insert-after,cd93161ede98ec4af247fe772337e9743862adab45f696a287aca9f5ba78315a,fail,pass,fail,fail,fail,fail,matches-rfc6376-bottom-up-section-3.5,matches-rfc6376-bottom-up-section-3.5,matches-rfc6376-bottom-up-section-3.5,matches-rfc6376-bottom-up-section-3.5
message-id-simple-n1-h2-unchanged,message-id,simple,1,2,unchanged,e66b3f46d5f0a0a219a5fbcdeef652e0f983272771a6877b847f589d25b1eb29,pass,pass,fail,fail,fail,fail,unexplained,unexplained,unexplained,unexplained
message-id-simple-n1-h2-insert-before,message-id,simple,1,2,insert-before,d3dec7eed1bc61f9997bd24b5de23401ce8346f0e3096023651e1807836b07db,fail,fail,fail,fail,fail,fail,both-oracles-agree,both-oracles-agree,both-oracles-agree,both-oracles-agree
message-id-simple-n1-h2-insert-after,message-id,simple,1,2,insert-after,735d0f70f2607d00887463abeab2af852b00b368cf259888e3865ec6447b04ba,fail,fail,fail,fail,fail,fail,both-oracles-agree,both-oracles-agree,both-oracles-agree,both-oracles-agree
message-id-simple-n2-h1-unchanged,message-id,simple,2,1,unchanged,5832a689f1abcea7398f81ff0304878b33a1ac1359e5897fe378ced82349c702,pass,fail,pass,pass,pass,fail,matches-rfc6376-bottom-up-section-3.5,matches-rfc6376-bottom-up-section-3.5,matches-rfc6376-bottom-up-section-3.5,matches-top-down-oracle
message-id-simple-n2-h1-edit-first,message-id,simple,2,1,edit-first,9c8fa6cb5ad44a5e2e39407c7b694b715df3d7b5a22374db61a46f4ebe7b79c8,pass,fail,pass,pass,pass,fail,matches-rfc6376-bottom-up-section-3.5,matches-rfc6376-bottom-up-section-3.5,matches-rfc6376-bottom-up-section-3.5,matches-top-down-oracle
message-id-simple-n2-h1-edit-last,message-id,simple,2,1,edit-last,bc019ab6683e59b4f6212ddd83a1239c70306ca05fa4ce9f196f48c1ad741f14,fail,fail,fail,fail,fail,fail,both-oracles-agree,both-oracles-agree,both-oracles-agree,both-oracles-agree
message-id-simple-n2-h1-reverse,message-id,simple,2,1,reverse,4cdc6ca91297464f56dc91e5c512237aed984fbb809a4c2eda9d7f0874d8168f,fail,pass,fail,fail,fail,fail,matches-rfc6376-bottom-up-section-3.5,matches-rfc6376-bottom-up-section-3.5,matches-rfc6376-bottom-up-section-3.5,matches-rfc6376-bottom-up-section-3.5
message-id-simple-n2-h1-delete-first,message-id,simple,2,1,delete-first,8345e9b00c592cde67b2ba9f609a94657f8aeb2d5d759fcf59675f94d23cd808,pass,pass,pass,pass,pass,pass,both-oracles-agree,both-oracles-agree,both-oracles-agree,both-oracles-agree
message-id-simple-n2-h1-delete-last,message-id,simple,2,1,delete-last,020cb10210aa91bfe7c8946cce6788d46ed58f64710b2ea2747555e7989a70d4,fail,fail,fail,fail,fail,fail,both-oracles-agree,both-oracles-agree,both-oracles-agree,both-oracles-agree
message-id-simple-n2-h2-unchanged,message-id,simple,2,2,unchanged,c051949cb5a6e2867a2af1cbdc3d94b8c74871bb03b476a7bd86f4af825452b3,pass,fail,pass,pass,pass,fail,matches-rfc6376-bottom-up-section-3.5,matches-rfc6376-bottom-up-section-3.5,matches-rfc6376-bottom-up-section-3.5,matches-top-down-oracle
message-id-simple-n2-h2-edit-first,message-id,simple,2,2,edit-first,e37ceccf691cc5a40fc3aa358878ab7f5c295b6d5ab3873e3c40fed60648c21d,fail,fail,fail,fail,fail,fail,both-oracles-agree,both-oracles-agree,both-oracles-agree,both-oracles-agree
message-id-simple-n2-h2-edit-last,message-id,simple,2,2,edit-last,1c28f7aaea0535132fa2e2525b6cb78022412002a66fc117804f5532307a1d9c,fail,fail,fail,fail,fail,fail,both-oracles-agree,both-oracles-agree,both-oracles-agree,both-oracles-agree
message-id-simple-n2-h2-reverse,message-id,simple,2,2,reverse,35acb83f9742967ba1113a4f80b39b5ea393fc809bc4ba29d8f5c6391732ef67,fail,pass,fail,fail,fail,fail,matches-rfc6376-bottom-up-section-3.5,matches-rfc6376-bottom-up-section-3.5,matches-rfc6376-bottom-up-section-3.5,matches-rfc6376-bottom-up-section-3.5
message-id-simple-n2-h2-delete-first,message-id,simple,2,2,delete-first,8cfa9c0ee85487f64dc880d85c37e234b81d35775507e3bcead7a862144500a7,fail,fail,fail,fail,fail,fail,both-oracles-agree,both-oracles-agree,both-oracles-agree,both-oracles-agree
message-id-simple-n2-h2-delete-last,message-id,simple,2,2,delete-last,55a73a83d39731f7a62ef94a65801f472779e6d123c2506a6b3c5d4f75a4517b,fail,fail,fail,fail,fail,fail,both-oracles-agree,both-oracles-agree,both-oracles-agree,both-oracles-agree
message-id-simple-n2-h3-unchanged,message-id,simple,2,3,unchanged,490e1e126bc9a610c7eb1ab1f1ab1458c268d0ccbf6b3208c00c2a309d35b21a,pass,fail,fail,fail,fail,fail,matches-top-down-oracle,matches-top-down-oracle,matches-top-down-oracle,matches-top-down-oracle
message-id-simple-n2-h3-edit-first,message-id,simple,2,3,edit-first,ee156913792a6b3d26e75546dc07c127709183a36262aade84af43f030d57d5a,fail,fail,fail,fail,fail,fail,both-oracles-agree,both-oracles-agree,both-oracles-agree,both-oracles-agree
message-id-simple-n2-h3-edit-last,message-id,simple,2,3,edit-last,5adf7e368ecf4928eae11a09ae4e9928be6aec1c03993d13a6a240f4f66442cc,fail,fail,fail,fail,fail,fail,both-oracles-agree,both-oracles-agree,both-oracles-agree,both-oracles-agree
message-id-simple-n2-h3-reverse,message-id,simple,2,3,reverse,7890b90eba7a92ddabf997af75b24387107e151a955ab93b75fa98f7df59e7a6,fail,pass,fail,fail,fail,fail,matches-rfc6376-bottom-up-section-3.5,matches-rfc6376-bottom-up-section-3.5,matches-rfc6376-bottom-up-section-3.5,matches-rfc6376-bottom-up-section-3.5
message-id-simple-n2-h3-delete-first,message-id,simple,2,3,delete-first,21402eadc1927eda59dea432b6f072679707b94c60baea96fe9abea6d9ee6662,fail,fail,fail,fail,fail,fail,both-oracles-agree,both-oracles-agree,both-oracles-agree,both-oracles-agree
message-id-simple-n2-h3-delete-last,message-id,simple,2,3,delete-last,0da6562eda8813f13f4268fd7c84e4075e265a4690d5c95844e013ff1229787a,fail,fail,fail,fail,fail,fail,both-oracles-agree,both-oracles-agree,both-oracles-agree,both-oracles-agree
